INSERT INTO CLIENT (id, first_name, second_name, last_name, birth_date, date_add)
VALUES (1, 'Иван', 'Иванович', 'Иванов', '1981-01-01', '2020-04-28'),
       (2, 'Петр', 'Пантелеевич', 'Костромской', '1956-02-01', '2020-04-28'),
       (3, 'Захар', 'Ксилофентович', 'Артемкин', '1961-07-21', '2020-04-28'),
       (4, 'Даниил', 'Гордеевич', 'Полянский', '1972-11-05', '2020-04-28'),
       (5, 'Дана', 'Игоревна', 'Тимофеева', '1976-03-31', '2020-04-28'),
       (6, 'Валерий', 'Савельевич', 'Красивейший', '1983-05-03', '2020-04-28'),
       (7, 'Тимофей', 'Петрович', 'Прядинский', '1953-11-12', '2020-04-28'),
       (8, 'Гордей', 'Иванович', 'Шукшинков', '2000-01-21', '2020-04-28'),
       (9, 'Дмитрий', 'Георгиевич', 'Паутинкин', '1993-02-14', '2020-04-28'),
       (10, 'Никита', 'Яковлевич', 'Липатов', '1987-06-17', '2020-04-28');


INSERT INTO ADDRESS(id, address_type, value, client_id)
VALUES (1, 'Post', 'г.Москва,Леонтьевский переулок, 24, кв.11', 1),
       (2, 'Registration', 'г.Москва, ул.Никольская улица, 5/1с1, кв.21', 2),
       (3, 'Post', 'г.Москва, улица Воронцово Поле, 4с1, кв.115', 3),
       (4, 'Registration', 'г.Москва, Большой Дровяной переулок, 18, кв.55', 4),
       (5, 'Post', 'г.Москва, Брошевский переулок, 6с1, кв.322', 5),
       (6, 'Registration', 'г.Москва, улица Гвоздева, 7/4с1, кв.501', 6),
       (7, 'Registration', 'г.Москва, улица Мельникова, 27, кв.4', 7),
       (8, 'Post', 'г.Москва, Угрешская улица, 2с147, кв.81', 8),
       (9, 'Registration', 'г.Москва, улица Новинки, 27к1, кв.78', 9),
       (10, 'Post', 'г.Москва, улица Москворечье, 17, кв.96', 10),
       (11, 'Registration', 'г.Москва, 1-я улица Машиностроения, 4к2, кв.67', 8);

INSERT INTO  CONTACT (id, client_id, value, contact_type)
VALUES(1,1, '79161234567', 'Mobile' ),
      (2,1, 'my@mail.ru', 'Email' ),
      (3,2, 'ers@yandex.ru', 'Email' ),
      (4,3, '79163334455', 'Mobile' ),
      (5,4, 'ttr11@mail.ru', 'Email' ),
      (6,5, '79268172299', 'Mobile' ),
      (7,6, '79189991199', 'Mobile' ),
      (8,7, 'gfdss@mail.ru', 'Email' ),
      (9,8, '79163332211', 'Mobile' ),
      (10,9, '79167776655', 'Mobile' ),
      (11,10, 'qwe12@mail.ru', 'Email' );

INSERT INTO CONTRACT (id, channel_type, date_add,client_id)
VALUES (1, 'VSP', '02.02.2020', 1),
       (2, 'VSP', '01.03.2020', 2),
       (3, 'VSP', '22.04.2020', 3),
       (4, 'VSP', '30.12.2019', 4),
       (5, 'Online', '10.11.2019', 5),
       (6, 'Online', '15.12.2019', 6),
       (7, 'VSP', '05.09.2019', 7),
       (8, 'Online', '14.01.2020', 8),
       (9, 'VSP', '21.02.2020', 9),
       (10, 'VSP', '25.12.2019', 10),
       (11, 'Online', '16.11.2019', 1),
       (12, 'Online', '01.03.2020', 2);

INSERT  INTO contract_market_place (id, contract_id, market_place_type, date_add)
VALUES (1 ,1 , 'Fond', '2020-02-03'),
       (2 ,1 , 'Term', '2020-02-03'),
       (3 ,1 , 'Curr', '2020-02-03'),
       (4 ,2 , 'Term', '2020-05-03'),
       (5 ,2 , 'Fond', '2020-02-06'),
       (6 ,3 , 'Fond', '2020-04-23'),
       (7 ,4 , 'Fond', '2019-12-31'),
       (8 ,4 , 'Term', '2019-12-31'),
       (9 ,4 , 'Curr', '2019-12-31'),
       (10 ,5 , 'Fond', '2019-11-13'),
       (11 ,5 , 'Term', '2019-11-14'),
       (12 ,6 , 'Fond', '2019-12-16'),
       (13 ,6 , 'Term', '2019-12-16'),
       (14 ,6 , 'Curr', '2019-12-16'),
       (15 ,7 , 'Fond', '2019-09-07'),
       (16 ,7 , 'Term', '2019-09-07'),
       (17 ,7 , 'Curr', '2019-09-07'),
       (18 ,8 , 'Curr', '2020-01-15'),
       (19 ,8 , 'Term', '2020-01-15'),
       (20 ,9 , 'Term', '2020-02-22'),
       (21 ,10 , 'Curr', '2019-12-26'),
       (22 ,11 , 'Curr', '2019-12-26'),
       (23 ,12 , 'Term', '2019-12-26');
